Hyperparameters,Scores,Inertia,Silhouette Score,David Bouldin Score
2,-400407.4919014085,-400407.4919014085,0.11751502051947661,3.590393144634074
3,-376740.14309823356,-376740.14309823356,0.06853763246918901,3.564301704441066
4,-372288.7973098026,-372288.7973098026,0.05391351370489388,4.760423000481536
5,-370916.080874897,-370916.080874897,0.04175670381116489,6.67238482901138
6,-370137.03113730444,-370137.03113730444,0.040077776332548734,7.600076809664735
7,-368985.1619385833,-368985.1619385833,0.03459438403488,10.586814887365064
8,-368468.05900108995,-368468.05900108995,0.014882657950327087,10.297131981658037
9,-367985.75930486736,-367985.75930486736,0.013530611945383145,8.381618486926127
